,sample,-Log2(dilution),x,y,Dist (wood),Dist (pencil)
0,wo,1,240.59441833496098,271.20970916748047,0.0,237.3746293629561
1,pe,1,415.61667785644545,110.85409393310546,237.3746293629561,0.0
