,sample,-Log2(dilution),x,y,Dist (wood),Dist (pencil)
0,wo,2,246.4611968994141,283.9208221435547,0.0,246.38439728386368
1,pe,2,412.6833221435548,102.0541778564453,246.38439728386368,0.0
2,B1,2,322.72777404785165,276.0985961914063,76.66666817323576,195.91697268678195
