,sample,-Log2(dilution),x,y,Dist (wood),Dist (pencil)
0,wo,3,222.99441833496095,275.12083892822267,0.0,262.9059121318853
1,pe,3,437.1277740478517,122.58748321533203,262.9059121318853,0.0
2,B1,3,151.61667785644534,148.98748321533202,144.92896625317152,286.7290463981954
