,sample,-Log2(dilution),x,y,Dist (wood),Dist (pencil)
0,wo,4,240.59441833496098,273.16527404785154,0.0,202.05726424182308
1,pe,4,377.4833221435548,124.54304809570313,202.05726424182308,0.0
