,sample,-Log2(dilution),x,y,Dist (wood),Dist (pencil)
0,wo,1,245.48332214355472,262.40972595214845,0.0,232.3246012529518
1,pe,1,407.79441833496105,96.1875,232.3246012529518,0.0
2,B2,1,359.8833221435548,283.9208221435547,116.40484207865215,193.75054420908825
3,B2,1,342.28332214355476,260.4541442871094,96.81975159877577,176.84805384721489
