,sample,-Log2(dilution),x,y,Dist (wood),Dist (pencil)
0,wo,2,233.7499664306641,279.0319519042969,0.0,245.49234455082586
1,pe,2,403.8833221435548,102.0541778564453,245.49234455082586,0.0
2,B2,2,354.0167449951173,148.00972595214844,177.85084121174984,67.81288902028547
3,B2,2,468.41667785644546,155.83191833496093,265.04096612198737,84.00356760603123
4,B2,2,192.68338928222659,95.20972595214843,188.35358906241018,211.31080938394933
