,sample,-Log2(dilution),x,y,Dist (wood),Dist (pencil)
0,wo,3,243.5277740478516,274.14304809570314,0.0,233.70733264619508
1,pe,3,406.81667785644544,106.94301452636718,233.70733264619508,0.0
