,sample,-Log2(dilution),x,y,Dist (wood),Dist (pencil)
0,wo,4,249.394418334961,264.3652740478516,0.0,232.32464872379822
1,pe,4,415.61667785644545,102.05414428710937,232.32464872379822,0.0
2,B2,4,454.7277740478517,146.05414428710938,236.97955691067466,58.870008028651014
