,sample,-Log2(dilution),x,y,Dist (wood),Dist (pencil)
0,wo,1,235.7055816650391,270.23195190429686,0.0,245.44560719566744
1,pe,1,409.7499664306642,97.16520690917969,245.44560719566744,0.0
