,sample,-Log2(dilution),x,y,Dist (wood),Dist (pencil)
0,wo,2,394.10558166503915,280.9875,0.0,229.5800595557017
1,pe,2,228.86112976074222,121.60972595214844,229.5800595557017,0.0
2,B3,2,253.3055816650391,221.34308166503905,152.91205524259962,102.68531282834685
