,sample,-Log2(dilution),x,y,Dist (wood),Dist (pencil)
0,wo,4,253.3055816650391,271.20972595214846,0.0,233.4944536255511
1,pe,4,400.9499664306642,90.32082214355468,233.4944536255511,0.0
2,B3,4,334.4611968994142,54.14304809570312,231.74161585633198,75.69404077493208
3,B3,4,156.50558166503907,236.9875,102.67132388899984,285.0687138864791
