,sample,-Log2(dilution),x,y,Dist (wood),Dist (pencil)
0,wo,1,229.83887023925786,273.16527404785154,0.0,276.59363003114214
1,pe,1,439.0833221435548,92.27637023925782,276.59363003114214,0.0
2,B4,1,213.21667785644533,205.69859619140624,69.48417014397306,252.7456079568147
