,sample,-Log2(dilution),x,y,Dist (wood),Dist (pencil)
0,wo,2,240.59441833496098,267.2986297607422,0.0,219.17278417655032
1,pe,2,395.0833221435548,111.83195190429687,219.17278417655032,0.0
2,B4,2,421.4833221435548,243.8319519042969,182.40471619641005,134.61411515884953
