,sample,-Log2(dilution),x,y,Dist (wood),Dist (pencil)
0,wo,3,245.48332214355472,285.8763702392578,0.0,235.09001827280386
1,pe,3,409.7499664306642,117.69852905273437,235.09001827280386,0.0
