,sample,-Log2(dilution),x,y,Dist (wood),Dist (pencil)
0,wo,1,246.4611968994141,274.1430145263672,0.0,239.9223790044938
1,pe,1,417.57222595214853,105.96524047851562,239.9223790044938,0.0
2,B5,1,290.4611968994141,194.94304809570312,90.60151589580785,155.15883460250117
3,B5,1,191.7055816650391,248.7208221435547,60.36940669945042,267.19823558183026
