,sample,-Log2(dilution),x,y,Dist (wood),Dist (pencil)
0,wo,2,247.43887023925785,297.60972595214844,0.0,247.98572809729114
1,pe,2,411.7055816650392,111.83198547363281,247.98572809729114,0.0
2,B5,2,226.9055816650391,138.23191833496094,160.69505748632523,186.6761807384184
3,B5,2,179.97222595214845,241.87637023925782,87.5097424883821,265.72897877165576
