,sample,-Log2(dilution),x,y,Dist (wood),Dist (pencil)
0,wo,3,237.66112976074223,275.1208221435547,0.0,255.93132670353899
1,pe,3,437.1277740478517,114.76527404785156,255.93132670353899,0.0
2,B5,3,293.394418334961,280.9875,56.04121130354387,219.7478235272774
